{
  "assetsByChunkName": {
    "vendors~app-account~app-confirmation~app-order": "chunk.32a68bdc0a9443acb0ea.js",
    "vendors~app-account~app-checkout": "chunk.dc0d45eda7978caa1034.js",
    "vendors~app-cart~app-checkout": "chunk.f4e046e07f8d8983fefa.js",
    "admin": [
      "admin.86162b58eacbc576f9b4.js",
      "admin.86162b58eacbc576f9b4.js.map"
    ],
    "app-account": "chunk.f661c171234cc73bde57.js",
    "app-checkout": "chunk.31e2fbc02e7f90c8e75f.js",
    "app-confirmation": "chunk.3b8ec1f47dbc59f3b450.js",
    "checkout": [
      "checkout.9e0f3b27318484746c94.js",
      "checkout.9e0f3b27318484746c94.js.map"
    ],
    "storefront": [
      "storefront.fbcff0d1ec9cf3832d5e.css",
      "storefront.e96254e7f0122e39e37a.js",
      "storefront.fbcff0d1ec9cf3832d5e.css.map",
      "storefront.e96254e7f0122e39e37a.js.map"
    ],
    "vendors~app-cart": "chunk.e845a6e2bf969060d5ce.js",
    "vendors~app-order": "chunk.2f50b5026e3f4077c336.js"
  }
}