{
  "pkg": "@ecomplus/widget-trustvox",
  "active": true,
  "desktopOnly": false,
  "enableCheckout": false,
  "disablePages": true,
  "options": {
    "trustvoxStoreId": 51371,
    "widgetSrc": "https://www.dudimodaevangelica.com.br/admin/#/collections/widgets/entries/trustvox"
  },
  "bodyAppend": "src/append/body",
  "productDescriptionAppend": "src/append/product-block",
  "productCardSlots": "src/append/product-card-slots",
  "productSlots": "src/append/product-slots",
  "stampsAppend": "src/append/stamps"
}