{
  "css": "<!-- Google tag (gtag.js) -->\n<script async src=\"https://www.googletagmanager.com/gtag/js?id=G-XVZDQK630J\"></script>\n<script>\n  window.dataLayer = window.dataLayer || [];\n  function gtag(){dataLayer.push(arguments);}\n  gtag('js', new Date());\n<script src=\"https://apis.google.com/js/platform.js?onload=renderOptIn\" async defer></script>\n\n<script>\n  window.renderOptIn = function() {\n    window.gapi.load('surveyoptin', function() {\n      window.gapi.surveyoptin.render(\n        {\n          // REQUIRED FIELDS\n          \"merchant_id\": 768675596,\n          \"order_id\": \"ORDER_ID\",\n          \"email\": \"CUSTOMER_EMAIL\",\n          \"delivery_country\": \"COUNTRY_CODE\",\n          \"estimated_delivery_date\": \"YYYY-MM-DD\",\n\n          // OPTIONAL FIELDS\n          \"products\": [{\"gtin\":\"GTIN1\"}, {\"gtin\":\"GTIN2\"}]\n        });\n    });\n  }\n</script>\n\n<script src=\"https://apis.google.com/js/platform.js?onload=renderBadge\" async defer></script>\n\n<script>\n  window.renderBadge = function() {\n    var ratingBadgeContainer = document.createElement(\"div\");\n    document.body.appendChild(ratingBadgeContainer);\n    window.gapi.load('ratingbadge', function() {\n      window.gapi.ratingbadge.render(ratingBadgeContainer, {\"merchant_id\": 768675596});\n    });\n  }\n</script>\n      \n      \n ",
  "html_head": "<!-- Google tag (gtag.js) -->\n<script async src=\"https://www.googletagmanager.com/gtag/js?id=G-54YWELEDFH\"></script>\n<script>\n  window.dataLayer = window.dataLayer || [];\n  function gtag(){dataLayer.push(arguments);}\n  gtag('js', new Date());\n\n  gtag('config', 'G-54YWELEDFH');\n</script>\n<script src=\"https://apis.google.com/js/platform.js?onload=renderOptIn\" async defer></script>\n\n<script>\n  window.renderOptIn = function() {\n    window.gapi.load('surveyoptin', function() {\n      window.gapi.surveyoptin.render(\n        {\n          // REQUIRED FIELDS\n          \"merchant_id\": 768675596,\n          \"order_id\": \"ORDER_ID\",\n          \"email\": \"CUSTOMER_EMAIL\",\n          \"delivery_country\": \"COUNTRY_CODE\",\n          \"estimated_delivery_date\": \"YYYY-MM-DD\",\n\n          // OPTIONAL FIELDS\n          \"products\": [{\"gtin\":\"GTIN1\"}, {\"gtin\":\"GTIN2\"}]\n        });\n    });\n  }\n</script><script src=\"https://apis.google.com/js/platform.js?onload=renderBadge\" async defer></script>\n\n<script>\n  window.renderBadge = function() {\n    var ratingBadgeContainer = document.createElement(\"div\");\n    document.body.appendChild(ratingBadgeContainer);\n    window.gapi.load('ratingbadge', function() {\n      window.gapi.ratingbadge.render(ratingBadgeContainer, {\"merchant_id\": 768675596});\n    });\n  }\n</script><!-- BEGIN GCR Badge Code -->\n<script src=\"https://apis.google.com/js/platform.js?onload=renderBadge\"\n  async defer>\n</script>\n\n<script>\n  window.renderBadge = function() {\n    var ratingBadgeContainer = document.createElement(\"div\");\n      document.body.appendChild(ratingBadgeContainer);\n      window.gapi.load('ratingbadge', function() {\n        window.gapi.ratingbadge.render(\n          ratingBadgeContainer, {\n            // REQUIRED\n            \"merchant_id\": MERCHANT_ID,\n            // OPTIONAL\n            \"position\": \"POSITION\"\n          });           \n     });\n  }\n</script>\n<!-- END GCR Badge Code -->\n<script src=\"https://apis.google.com/js/platform.js?onload=renderOptIn\" async defer></script>\n\n<script>\n  window.renderOptIn = function() {\n    window.gapi.load('surveyoptin', function() {\n      window.gapi.surveyoptin.render(\n        {\n          // REQUIRED FIELDS\n          \"merchant_id\": 768675596,\n          \"order_id\": \"ORDER_ID\",\n          \"email\": \"CUSTOMER_EMAIL\",\n          \"delivery_country\": \"COUNTRY_CODE\",\n          \"estimated_delivery_date\": \"YYYY-MM-DD\",\n\n          // OPTIONAL FIELDS\n          \"products\": [{\"gtin\":\"GTIN1\"}, {\"gtin\":\"GTIN2\"}]\n        });\n    });\n  }\n</script>\n\n<script src=\"https://apis.google.com/js/platform.js?onload=renderBadge\" async defer></script>\n\n<script>\n  window.renderBadge = function() {\n    var ratingBadgeContainer = document.createElement(\"div\");\n    document.body.appendChild(ratingBadgeContainer);\n    window.gapi.load('ratingbadge', function() {\n      window.gapi.ratingbadge.render(ratingBadgeContainer, {\"merchant_id\": 768675596});\n    });\n  }\n</script>\n      \n      \n      \n\n",
  "html_body": "<a href=\"https://wa.me/5519998983763?text=Ola%20estou%20na%20sua%20loja\" style=\"position:fixed;width:60px;height:60px;bottom:40px;background-color:#25d366;color:#FFF;border-radius:50px;text-align:center;font-size:30px;box-shadow: 1px 1px 2px #888;z-index:1000;right:40px;\" target=\"_blank\">\n<i style=\"margin-top:16px\" class=\"fab fa-whatsapp\"></i>\n</a>\n<div class=\"cho-container\"></div>\n<script src=\"https://sdk.mercadopago.com/js/v2\"></script>\n<script>\n  const mp = new MercadoPago('PUBLIC_KEY');\n\n  mp.checkout({\n    preference: {\n      id: 'YOUR_PREFERENCE_ID'\n    },\n    render: {\n      container: '.cho-container',\n      label: 'Em até 12x sem cartão com Mercado Pago',\n      type: 'credits',\n    }\n  });\n</s\n<!-- Google tag (gtag.js) -->\n<script async src=\"https://www.googletagmanager.com/gtag/js?id=G-54YWELEDFH\"></script>\n<script>\n  window.dataLayer = window.dataLayer || [];\n  function gtag(){dataLayer.push(arguments);}\n  gtag('js', new Date());\n\n  gtag('config', 'G-54YWELEDFH');\n</script>\n</head> \n<head><!-- Event snippet for promoção frete gratis conversion page -->\n<script>\n  <script src=\"https://apis.google.com/js/platform.js?onload=renderOptIn\" async defer></script>\n\n<script>\n  window.renderOptIn = function() {\n    window.gapi.load('surveyoptin', function() {\n      window.gapi.surveyoptin.render(\n        {\n          // REQUIRED FIELDS\n          \"merchant_id\": 768675596,\n          \"order_id\": \"ORDER_ID\",\n          \"email\": \"CUSTOMER_EMAIL\",\n          \"delivery_country\": \"COUNTRY_CODE\",\n          \"estimated_delivery_date\": \"YYYY-MM-DD\",\n\n          // OPTIONAL FIELDS\n          \"products\": [{\"gtin\":\"GTIN1\"}, {\"gtin\":\"GTIN2\"}]\n        });\n    });\n  }\n</script>\n  \n<script src=\"https://apis.google.com/js/platform.js?onload=renderBadge\" async defer></script>\n\n<script>\n  window.renderBadge = function() {\n    var ratingBadgeContainer = document.createElement(\"div\");\n    document.body.appendChild(ratingBadgeContainer);\n    window.gapi.load('ratingbadge', function() {\n      window.gapi.ratingbadge.render(ratingBadgeContainer, {\"merchant_id\": 768675596});\n    });\n  }\n</script>\n      \n      \n"
}