{
  "categories_list": {
    "featured": [
      "/queridinhos-da-dudi?QUERIDINHOS da DuDi",
      "/black-week?OUTLET",
      "/vestidos?Vestidos",
      "/blusas?Blusas",
      "/saias?Saias",
      "/conjuntos?Conjuntos",
      "/jeans?Jeans",
      "/plus-size?Plus Size",
      "/fitness?Fitness",
      "/trico?Tricô",
      "/inverno?Inverno"
    ],
    "random": 0,
    "full_width": true
  },
  "menu_all_departments": true,
  "centralized_logo": false,
  "marketing_stripe": {
    "text": "Ganhe 5%OFF em sua PRIMEIRA COMPRA! Digite: primeiracompra no campo de desconto. | Frete GRÁTIS nas compras acima de R$199,90: Sul, Suldeste e Centro-Oeste.",
    "link": "",
    "background": "#181718",
    "color": "#fff7fa"
  },
  "alphabetical_order_submenu": true,
  "popup": "/img/uploads/medidas-atencao.png",
  "name_all_departments": "",
  "search_input": true,
  "desktop_megamenu": true,
  "full_width_submenu": true,
  "contacts_stripe": {
    "pages": [
      {
        "title": "Pagina Inicial",
        "link": "https://www.dudimodaevangelica.com.br/"
      },
      {
        "title": "Sobre nós",
        "link": "/pages/sobre-nos"
      }
    ],
    "phone_wpp": true,
    "socials": true
  }
}