{
  "meta_title": "DuDi Moda Evangélica",
  "meta_description": "Moda Evangélica e Modesta",
  "sections": [
    {
      "type": "info-bar",
      "enabled": true
    },
    {
      "type": "banner-slider",
      "autoplay": 9000,
      "full_width": true,
      "slides": [
        {
          "start": "",
          "end": "",
          "img": "/img/uploads/frete.png"
        },
        {
          "start": "",
          "end": "",
          "img": "/img/uploads/primeira-compra.png"
        },
        {
          "start": "",
          "end": "",
          "img": "/img/uploads/banner-site-1200-x-300-px-.png"
        }
      ]
    },
    {
      "type": "dynamic-showcase",
      "load_more": false,
      "sort": "news"
    },
    {
      "type": "breadcrumbs",
      "enabled": true
    }
  ]
}